financial_year,column,n_records,n_missing,missing_rate
2010/11,FRS_TERRITORY,20756,0,0.0
2010/11,E_CODE_TERRITORY,20756,0,0.0
2010/11,FINANCIAL_YEAR,20756,0,0.0
2010/11,DAY_OF_WEEK,20756,0,0.0
2010/11,DAY_NIGHT,20756,0,0.0
2010/11,BUILDING_TYPE,20756,0,0.0
2010/11,FSO_APPLY,20756,0,0.0
2010/11,OCCUPIED_NORMAL,20756,0,0.0
2010/11,OCCUPIED_TIME,20756,0,0.0
2010/11,ALARM_SYSTEM,20756,0,0.0
2010/11,SAFETY_SYSTEM,20756,0,0.0
2010/11,IGNITION_TO_DISCOVERY,20756,0,0.0
2010/11,DISCOVERY_TO_CALL,20756,0,0.0
2010/11,LATE_CALL,20756,0,0.0
2010/11,ACCIDENTAL_OR_DELIBERATE,20756,0,0.0
2010/11,CAUSE_OF_FIRE,20756,0,0.0
2010/11,IGNITION_POWER,20756,0,0.0
2010/11,SOURCE_OF_IGNITION,20756,0,0.0
2010/11,FIRE_START_LOCATION,20756,0,0.0
2010/11,FIRE_SIZE_ON_ARRIVAL,20756,0,0.0
2010/11,OTHER_PROPERTY_AFFECTED_ON_ARRIVAL,20756,0,0.0
2010/11,ITEM_IGNITED,20756,0,0.0
2010/11,ITEM_CAUSING_SPREAD,20756,0,0.0
2010/11,RAPID_FIRE_GROWTH,20756,19267,0.9282617074580845
2010/11,VEHICLES,20756,0,0.0
2010/11,VEHICLES_CODE,20756,0,0.0
2010/11,PERSONNEL,20756,0,0.0
2010/11,PERSONNEL_CODE,20756,0,0.0
2010/11,RESPONSE_TIME,20756,0,0.0
2010/11,RESPONSE_TIME_CODE,20756,0,0.0
2010/11,TIME_AT_SCENE,20756,0,0.0
2010/11,TIME_AT_SCENE_CODE,20756,0,0.0
2010/11,FATALITY_CASUALTY,20756,19947,0.9610233185584891
2010/11,RESCUES,20756,0,0.0
2010/11,FIRE_DAMAGE_EXTENT,20756,0,0.0
2010/11,FIRE_DAMAGE_EXTENT_CODE,20756,0,0.0
2010/11,TOTAL_DAMAGE_EXTENT,20756,0,0.0
2010/11,TOTAL_DAMAGE_EXTENT_CODE,20756,0,0.0
2010/11,SPREAD_OF_FIRE,20756,0,0.0
2010/11,OTHER_PROPERTY_AFFECTED_CLOSE,20756,0,0.0
2011/12,FRS_TERRITORY,20323,0,0.0
2011/12,E_CODE_TERRITORY,20323,0,0.0
2011/12,FINANCIAL_YEAR,20323,0,0.0
2011/12,DAY_OF_WEEK,20323,0,0.0
2011/12,DAY_NIGHT,20323,0,0.0
2011/12,BUILDING_TYPE,20323,0,0.0
2011/12,FSO_APPLY,20323,0,0.0
2011/12,OCCUPIED_NORMAL,20323,0,0.0
2011/12,OCCUPIED_TIME,20323,0,0.0
2011/12,ALARM_SYSTEM,20323,0,0.0
2011/12,SAFETY_SYSTEM,20323,0,0.0
2011/12,IGNITION_TO_DISCOVERY,20323,0,0.0
2011/12,DISCOVERY_TO_CALL,20323,0,0.0
2011/12,LATE_CALL,20323,0,0.0
2011/12,ACCIDENTAL_OR_DELIBERATE,20323,0,0.0
2011/12,CAUSE_OF_FIRE,20323,0,0.0
2011/12,IGNITION_POWER,20323,0,0.0
2011/12,SOURCE_OF_IGNITION,20323,0,0.0
2011/12,FIRE_START_LOCATION,20323,0,0.0
2011/12,FIRE_SIZE_ON_ARRIVAL,20323,0,0.0
2011/12,OTHER_PROPERTY_AFFECTED_ON_ARRIVAL,20323,0,0.0
2011/12,ITEM_IGNITED,20323,0,0.0
2011/12,ITEM_CAUSING_SPREAD,20323,0,0.0
2011/12,RAPID_FIRE_GROWTH,20323,18732,0.9217143138316194
2011/12,VEHICLES,20323,0,0.0
2011/12,VEHICLES_CODE,20323,0,0.0
2011/12,PERSONNEL,20323,0,0.0
2011/12,PERSONNEL_CODE,20323,0,0.0
2011/12,RESPONSE_TIME,20323,0,0.0
2011/12,RESPONSE_TIME_CODE,20323,0,0.0
2011/12,TIME_AT_SCENE,20323,0,0.0
2011/12,TIME_AT_SCENE_CODE,20323,0,0.0
2011/12,FATALITY_CASUALTY,20323,19495,0.9592579835654185
2011/12,RESCUES,20323,0,0.0
2011/12,FIRE_DAMAGE_EXTENT,20323,0,0.0
2011/12,FIRE_DAMAGE_EXTENT_CODE,20323,0,0.0
2011/12,TOTAL_DAMAGE_EXTENT,20323,0,0.0
2011/12,TOTAL_DAMAGE_EXTENT_CODE,20323,0,0.0
2011/12,SPREAD_OF_FIRE,20323,0,0.0
2011/12,OTHER_PROPERTY_AFFECTED_CLOSE,20323,0,0.0
2012/13,FRS_TERRITORY,16510,0,0.0
2012/13,E_CODE_TERRITORY,16510,0,0.0
2012/13,FINANCIAL_YEAR,16510,0,0.0
2012/13,DAY_OF_WEEK,16510,0,0.0
2012/13,DAY_NIGHT,16510,0,0.0
2012/13,BUILDING_TYPE,16510,0,0.0
2012/13,FSO_APPLY,16510,0,0.0
2012/13,OCCUPIED_NORMAL,16510,0,0.0
2012/13,OCCUPIED_TIME,16510,0,0.0
2012/13,ALARM_SYSTEM,16510,0,0.0
2012/13,SAFETY_SYSTEM,16510,0,0.0
2012/13,IGNITION_TO_DISCOVERY,16510,0,0.0
2012/13,DISCOVERY_TO_CALL,16510,0,0.0
2012/13,LATE_CALL,16510,0,0.0
2012/13,ACCIDENTAL_OR_DELIBERATE,16510,0,0.0
2012/13,CAUSE_OF_FIRE,16510,0,0.0
2012/13,IGNITION_POWER,16510,0,0.0
2012/13,SOURCE_OF_IGNITION,16510,0,0.0
2012/13,FIRE_START_LOCATION,16510,0,0.0
2012/13,FIRE_SIZE_ON_ARRIVAL,16510,0,0.0
2012/13,OTHER_PROPERTY_AFFECTED_ON_ARRIVAL,16510,0,0.0
2012/13,ITEM_IGNITED,16510,0,0.0
2012/13,ITEM_CAUSING_SPREAD,16510,0,0.0
2012/13,RAPID_FIRE_GROWTH,16510,15423,0.9341611144760751
2012/13,VEHICLES,16510,0,0.0
2012/13,VEHICLES_CODE,16510,0,0.0
2012/13,PERSONNEL,16510,0,0.0
2012/13,PERSONNEL_CODE,16510,0,0.0
2012/13,RESPONSE_TIME,16510,0,0.0
2012/13,RESPONSE_TIME_CODE,16510,0,0.0
2012/13,TIME_AT_SCENE,16510,0,0.0
2012/13,TIME_AT_SCENE_CODE,16510,0,0.0
2012/13,FATALITY_CASUALTY,16510,15818,0.9580860084797093
2012/13,RESCUES,16510,0,0.0
2012/13,FIRE_DAMAGE_EXTENT,16510,0,0.0
2012/13,FIRE_DAMAGE_EXTENT_CODE,16510,0,0.0
2012/13,TOTAL_DAMAGE_EXTENT,16510,0,0.0
2012/13,TOTAL_DAMAGE_EXTENT_CODE,16510,0,0.0
2012/13,SPREAD_OF_FIRE,16510,0,0.0
2012/13,OTHER_PROPERTY_AFFECTED_CLOSE,16510,0,0.0
2013/14,FRS_TERRITORY,16536,0,0.0
2013/14,E_CODE_TERRITORY,16536,0,0.0
2013/14,FINANCIAL_YEAR,16536,0,0.0
2013/14,DAY_OF_WEEK,16536,0,0.0
2013/14,DAY_NIGHT,16536,0,0.0
2013/14,BUILDING_TYPE,16536,0,0.0
2013/14,FSO_APPLY,16536,0,0.0
2013/14,OCCUPIED_NORMAL,16536,0,0.0
2013/14,OCCUPIED_TIME,16536,0,0.0
2013/14,ALARM_SYSTEM,16536,0,0.0
2013/14,SAFETY_SYSTEM,16536,0,0.0
2013/14,IGNITION_TO_DISCOVERY,16536,0,0.0
2013/14,DISCOVERY_TO_CALL,16536,0,0.0
2013/14,LATE_CALL,16536,0,0.0
2013/14,ACCIDENTAL_OR_DELIBERATE,16536,0,0.0
2013/14,CAUSE_OF_FIRE,16536,0,0.0
2013/14,IGNITION_POWER,16536,0,0.0
2013/14,SOURCE_OF_IGNITION,16536,0,0.0
2013/14,FIRE_START_LOCATION,16536,0,0.0
2013/14,FIRE_SIZE_ON_ARRIVAL,16536,0,0.0
2013/14,OTHER_PROPERTY_AFFECTED_ON_ARRIVAL,16536,0,0.0
2013/14,ITEM_IGNITED,16536,0,0.0
2013/14,ITEM_CAUSING_SPREAD,16536,0,0.0
2013/14,RAPID_FIRE_GROWTH,16536,15303,0.9254354136429608
2013/14,VEHICLES,16536,0,0.0
2013/14,VEHICLES_CODE,16536,0,0.0
2013/14,PERSONNEL,16536,0,0.0
2013/14,PERSONNEL_CODE,16536,0,0.0
2013/14,RESPONSE_TIME,16536,0,0.0
2013/14,RESPONSE_TIME_CODE,16536,0,0.0
2013/14,TIME_AT_SCENE,16536,0,0.0
2013/14,TIME_AT_SCENE_CODE,16536,0,0.0
2013/14,FATALITY_CASUALTY,16536,15848,0.9583938074504113
2013/14,RESCUES,16536,0,0.0
2013/14,FIRE_DAMAGE_EXTENT,16536,0,0.0
2013/14,FIRE_DAMAGE_EXTENT_CODE,16536,0,0.0
2013/14,TOTAL_DAMAGE_EXTENT,16536,0,0.0
2013/14,TOTAL_DAMAGE_EXTENT_CODE,16536,0,0.0
2013/14,SPREAD_OF_FIRE,16536,0,0.0
2013/14,OTHER_PROPERTY_AFFECTED_CLOSE,16536,0,0.0
2014/15,FRS_TERRITORY,15566,0,0.0
2014/15,E_CODE_TERRITORY,15566,0,0.0
2014/15,FINANCIAL_YEAR,15566,0,0.0
2014/15,DAY_OF_WEEK,15566,0,0.0
2014/15,DAY_NIGHT,15566,0,0.0
2014/15,BUILDING_TYPE,15566,0,0.0
2014/15,FSO_APPLY,15566,0,0.0
2014/15,OCCUPIED_NORMAL,15566,0,0.0
2014/15,OCCUPIED_TIME,15566,0,0.0
2014/15,ALARM_SYSTEM,15566,0,0.0
2014/15,SAFETY_SYSTEM,15566,0,0.0
2014/15,IGNITION_TO_DISCOVERY,15566,0,0.0
2014/15,DISCOVERY_TO_CALL,15566,0,0.0
2014/15,LATE_CALL,15566,0,0.0
2014/15,ACCIDENTAL_OR_DELIBERATE,15566,0,0.0
2014/15,CAUSE_OF_FIRE,15566,0,0.0
2014/15,IGNITION_POWER,15566,0,0.0
2014/15,SOURCE_OF_IGNITION,15566,0,0.0
2014/15,FIRE_START_LOCATION,15566,0,0.0
2014/15,FIRE_SIZE_ON_ARRIVAL,15566,0,0.0
2014/15,OTHER_PROPERTY_AFFECTED_ON_ARRIVAL,15566,0,0.0
2014/15,ITEM_IGNITED,15566,0,0.0
2014/15,ITEM_CAUSING_SPREAD,15566,0,0.0
2014/15,RAPID_FIRE_GROWTH,15566,14345,0.9215598098419633
2014/15,VEHICLES,15566,0,0.0
2014/15,VEHICLES_CODE,15566,0,0.0
2014/15,PERSONNEL,15566,0,0.0
2014/15,PERSONNEL_CODE,15566,0,0.0
2014/15,RESPONSE_TIME,15566,0,0.0
2014/15,RESPONSE_TIME_CODE,15566,0,0.0
2014/15,TIME_AT_SCENE,15566,0,0.0
2014/15,TIME_AT_SCENE_CODE,15566,0,0.0
2014/15,FATALITY_CASUALTY,15566,14867,0.9550944365925735
2014/15,RESCUES,15566,0,0.0
2014/15,FIRE_DAMAGE_EXTENT,15566,0,0.0
2014/15,FIRE_DAMAGE_EXTENT_CODE,15566,0,0.0
2014/15,TOTAL_DAMAGE_EXTENT,15566,0,0.0
2014/15,TOTAL_DAMAGE_EXTENT_CODE,15566,0,0.0
2014/15,SPREAD_OF_FIRE,15566,0,0.0
2014/15,OTHER_PROPERTY_AFFECTED_CLOSE,15566,0,0.0
2015/16,FRS_TERRITORY,16028,0,0.0
2015/16,E_CODE_TERRITORY,16028,0,0.0
2015/16,FINANCIAL_YEAR,16028,0,0.0
2015/16,DAY_OF_WEEK,16028,0,0.0
2015/16,DAY_NIGHT,16028,0,0.0
2015/16,BUILDING_TYPE,16028,0,0.0
2015/16,FSO_APPLY,16028,0,0.0
2015/16,OCCUPIED_NORMAL,16028,0,0.0
2015/16,OCCUPIED_TIME,16028,0,0.0
2015/16,ALARM_SYSTEM,16028,0,0.0
2015/16,SAFETY_SYSTEM,16028,0,0.0
2015/16,IGNITION_TO_DISCOVERY,16028,0,0.0
2015/16,DISCOVERY_TO_CALL,16028,0,0.0
2015/16,LATE_CALL,16028,0,0.0
2015/16,ACCIDENTAL_OR_DELIBERATE,16028,0,0.0
2015/16,CAUSE_OF_FIRE,16028,0,0.0
2015/16,IGNITION_POWER,16028,0,0.0
2015/16,SOURCE_OF_IGNITION,16028,0,0.0
2015/16,FIRE_START_LOCATION,16028,0,0.0
2015/16,FIRE_SIZE_ON_ARRIVAL,16028,0,0.0
2015/16,OTHER_PROPERTY_AFFECTED_ON_ARRIVAL,16028,0,0.0
2015/16,ITEM_IGNITED,16028,0,0.0
2015/16,ITEM_CAUSING_SPREAD,16028,0,0.0
2015/16,RAPID_FIRE_GROWTH,16028,14849,0.9264412278512603
2015/16,VEHICLES,16028,0,0.0
2015/16,VEHICLES_CODE,16028,0,0.0
2015/16,PERSONNEL,16028,0,0.0
2015/16,PERSONNEL_CODE,16028,0,0.0
2015/16,RESPONSE_TIME,16028,0,0.0
2015/16,RESPONSE_TIME_CODE,16028,0,0.0
2015/16,TIME_AT_SCENE,16028,0,0.0
2015/16,TIME_AT_SCENE_CODE,16028,0,0.0
2015/16,FATALITY_CASUALTY,16028,15184,0.9473421512353382
2015/16,RESCUES,16028,0,0.0
2015/16,FIRE_DAMAGE_EXTENT,16028,0,0.0
2015/16,FIRE_DAMAGE_EXTENT_CODE,16028,0,0.0
2015/16,TOTAL_DAMAGE_EXTENT,16028,0,0.0
2015/16,TOTAL_DAMAGE_EXTENT_CODE,16028,0,0.0
2015/16,SPREAD_OF_FIRE,16028,0,0.0
2015/16,OTHER_PROPERTY_AFFECTED_CLOSE,16028,0,0.0
2016/17,FRS_TERRITORY,15872,0,0.0
2016/17,E_CODE_TERRITORY,15872,0,0.0
2016/17,FINANCIAL_YEAR,15872,0,0.0
2016/17,DAY_OF_WEEK,15872,0,0.0
2016/17,DAY_NIGHT,15872,0,0.0
2016/17,BUILDING_TYPE,15872,0,0.0
2016/17,FSO_APPLY,15872,0,0.0
2016/17,OCCUPIED_NORMAL,15872,0,0.0
2016/17,OCCUPIED_TIME,15872,0,0.0
2016/17,ALARM_SYSTEM,15872,0,0.0
2016/17,SAFETY_SYSTEM,15872,0,0.0
2016/17,IGNITION_TO_DISCOVERY,15872,0,0.0
2016/17,DISCOVERY_TO_CALL,15872,0,0.0
2016/17,LATE_CALL,15872,0,0.0
2016/17,ACCIDENTAL_OR_DELIBERATE,15872,0,0.0
2016/17,CAUSE_OF_FIRE,15872,0,0.0
2016/17,IGNITION_POWER,15872,0,0.0
2016/17,SOURCE_OF_IGNITION,15872,0,0.0
2016/17,FIRE_START_LOCATION,15872,0,0.0
2016/17,FIRE_SIZE_ON_ARRIVAL,15872,0,0.0
2016/17,OTHER_PROPERTY_AFFECTED_ON_ARRIVAL,15872,0,0.0
2016/17,ITEM_IGNITED,15872,0,0.0
2016/17,ITEM_CAUSING_SPREAD,15872,0,0.0
2016/17,RAPID_FIRE_GROWTH,15872,14724,0.9276713709677419
2016/17,VEHICLES,15872,0,0.0
2016/17,VEHICLES_CODE,15872,0,0.0
2016/17,PERSONNEL,15872,0,0.0
2016/17,PERSONNEL_CODE,15872,0,0.0
2016/17,RESPONSE_TIME,15872,0,0.0
2016/17,RESPONSE_TIME_CODE,15872,0,0.0
2016/17,TIME_AT_SCENE,15872,0,0.0
2016/17,TIME_AT_SCENE_CODE,15872,0,0.0
2016/17,FATALITY_CASUALTY,15872,15173,0.9559601814516129
2016/17,RESCUES,15872,0,0.0
2016/17,FIRE_DAMAGE_EXTENT,15872,0,0.0
2016/17,FIRE_DAMAGE_EXTENT_CODE,15872,0,0.0
2016/17,TOTAL_DAMAGE_EXTENT,15872,0,0.0
2016/17,TOTAL_DAMAGE_EXTENT_CODE,15872,0,0.0
2016/17,SPREAD_OF_FIRE,15872,0,0.0
2016/17,OTHER_PROPERTY_AFFECTED_CLOSE,15872,0,0.0
2017/18,FRS_TERRITORY,15621,0,0.0
2017/18,E_CODE_TERRITORY,15621,0,0.0
2017/18,FINANCIAL_YEAR,15621,0,0.0
2017/18,DAY_OF_WEEK,15621,0,0.0
2017/18,DAY_NIGHT,15621,0,0.0
2017/18,BUILDING_TYPE,15621,0,0.0
2017/18,FSO_APPLY,15621,0,0.0
2017/18,OCCUPIED_NORMAL,15621,0,0.0
2017/18,OCCUPIED_TIME,15621,0,0.0
2017/18,ALARM_SYSTEM,15621,0,0.0
2017/18,SAFETY_SYSTEM,15621,0,0.0
2017/18,IGNITION_TO_DISCOVERY,15621,0,0.0
2017/18,DISCOVERY_TO_CALL,15621,0,0.0
2017/18,LATE_CALL,15621,0,0.0
2017/18,ACCIDENTAL_OR_DELIBERATE,15621,0,0.0
2017/18,CAUSE_OF_FIRE,15621,0,0.0
2017/18,IGNITION_POWER,15621,0,0.0
2017/18,SOURCE_OF_IGNITION,15621,0,0.0
2017/18,FIRE_START_LOCATION,15621,0,0.0
2017/18,FIRE_SIZE_ON_ARRIVAL,15621,0,0.0
2017/18,OTHER_PROPERTY_AFFECTED_ON_ARRIVAL,15621,0,0.0
2017/18,ITEM_IGNITED,15621,0,0.0
2017/18,ITEM_CAUSING_SPREAD,15621,0,0.0
2017/18,RAPID_FIRE_GROWTH,15621,14448,0.9249087766468216
2017/18,VEHICLES,15621,0,0.0
2017/18,VEHICLES_CODE,15621,0,0.0
2017/18,PERSONNEL,15621,0,0.0
2017/18,PERSONNEL_CODE,15621,0,0.0
2017/18,RESPONSE_TIME,15621,0,0.0
2017/18,RESPONSE_TIME_CODE,15621,0,0.0
2017/18,TIME_AT_SCENE,15621,0,0.0
2017/18,TIME_AT_SCENE_CODE,15621,0,0.0
2017/18,FATALITY_CASUALTY,15621,14858,0.9511554958069266
2017/18,RESCUES,15621,0,0.0
2017/18,FIRE_DAMAGE_EXTENT,15621,0,0.0
2017/18,FIRE_DAMAGE_EXTENT_CODE,15621,0,0.0
2017/18,TOTAL_DAMAGE_EXTENT,15621,0,0.0
2017/18,TOTAL_DAMAGE_EXTENT_CODE,15621,0,0.0
2017/18,SPREAD_OF_FIRE,15621,0,0.0
2017/18,OTHER_PROPERTY_AFFECTED_CLOSE,15621,0,0.0
2018/19,FRS_TERRITORY,15035,0,0.0
2018/19,E_CODE_TERRITORY,15035,0,0.0
2018/19,FINANCIAL_YEAR,15035,0,0.0
2018/19,DAY_OF_WEEK,15035,0,0.0
2018/19,DAY_NIGHT,15035,0,0.0
2018/19,BUILDING_TYPE,15035,0,0.0
2018/19,FSO_APPLY,15035,0,0.0
2018/19,OCCUPIED_NORMAL,15035,0,0.0
2018/19,OCCUPIED_TIME,15035,0,0.0
2018/19,ALARM_SYSTEM,15035,0,0.0
2018/19,SAFETY_SYSTEM,15035,0,0.0
2018/19,IGNITION_TO_DISCOVERY,15035,0,0.0
2018/19,DISCOVERY_TO_CALL,15035,0,0.0
2018/19,LATE_CALL,15035,0,0.0
2018/19,ACCIDENTAL_OR_DELIBERATE,15035,0,0.0
2018/19,CAUSE_OF_FIRE,15035,0,0.0
2018/19,IGNITION_POWER,15035,0,0.0
2018/19,SOURCE_OF_IGNITION,15035,0,0.0
2018/19,FIRE_START_LOCATION,15035,0,0.0
2018/19,FIRE_SIZE_ON_ARRIVAL,15035,0,0.0
2018/19,OTHER_PROPERTY_AFFECTED_ON_ARRIVAL,15035,0,0.0
2018/19,ITEM_IGNITED,15035,0,0.0
2018/19,ITEM_CAUSING_SPREAD,15035,0,0.0
2018/19,RAPID_FIRE_GROWTH,15035,13845,0.9208513468573329
2018/19,VEHICLES,15035,0,0.0
2018/19,VEHICLES_CODE,15035,0,0.0
2018/19,PERSONNEL,15035,0,0.0
2018/19,PERSONNEL_CODE,15035,0,0.0
2018/19,RESPONSE_TIME,15035,0,0.0
2018/19,RESPONSE_TIME_CODE,15035,0,0.0
2018/19,TIME_AT_SCENE,15035,0,0.0
2018/19,TIME_AT_SCENE_CODE,15035,0,0.0
2018/19,FATALITY_CASUALTY,15035,14325,0.9527768540073163
2018/19,RESCUES,15035,0,0.0
2018/19,FIRE_DAMAGE_EXTENT,15035,0,0.0
2018/19,FIRE_DAMAGE_EXTENT_CODE,15035,0,0.0
2018/19,TOTAL_DAMAGE_EXTENT,15035,0,0.0
2018/19,TOTAL_DAMAGE_EXTENT_CODE,15035,0,0.0
2018/19,SPREAD_OF_FIRE,15035,0,0.0
2018/19,OTHER_PROPERTY_AFFECTED_CLOSE,15035,0,0.0
2019/20,FRS_TERRITORY,14332,0,0.0
2019/20,E_CODE_TERRITORY,14332,0,0.0
2019/20,FINANCIAL_YEAR,14332,0,0.0
2019/20,DAY_OF_WEEK,14332,0,0.0
2019/20,DAY_NIGHT,14332,0,0.0
2019/20,BUILDING_TYPE,14332,0,0.0
2019/20,FSO_APPLY,14332,0,0.0
2019/20,OCCUPIED_NORMAL,14332,0,0.0
2019/20,OCCUPIED_TIME,14332,0,0.0
2019/20,ALARM_SYSTEM,14332,0,0.0
2019/20,SAFETY_SYSTEM,14332,0,0.0
2019/20,IGNITION_TO_DISCOVERY,14332,0,0.0
2019/20,DISCOVERY_TO_CALL,14332,0,0.0
2019/20,LATE_CALL,14332,0,0.0
2019/20,ACCIDENTAL_OR_DELIBERATE,14332,0,0.0
2019/20,CAUSE_OF_FIRE,14332,0,0.0
2019/20,IGNITION_POWER,14332,0,0.0
2019/20,SOURCE_OF_IGNITION,14332,0,0.0
2019/20,FIRE_START_LOCATION,14332,0,0.0
2019/20,FIRE_SIZE_ON_ARRIVAL,14332,0,0.0
2019/20,OTHER_PROPERTY_AFFECTED_ON_ARRIVAL,14332,0,0.0
2019/20,ITEM_IGNITED,14332,0,0.0
2019/20,ITEM_CAUSING_SPREAD,14332,0,0.0
2019/20,RAPID_FIRE_GROWTH,14332,13239,0.9237370918224951
2019/20,VEHICLES,14332,0,0.0
2019/20,VEHICLES_CODE,14332,0,0.0
2019/20,PERSONNEL,14332,0,0.0
2019/20,PERSONNEL_CODE,14332,0,0.0
2019/20,RESPONSE_TIME,14332,0,0.0
2019/20,RESPONSE_TIME_CODE,14332,0,0.0
2019/20,TIME_AT_SCENE,14332,0,0.0
2019/20,TIME_AT_SCENE_CODE,14332,0,0.0
2019/20,FATALITY_CASUALTY,14332,13640,0.9517164387384873
2019/20,RESCUES,14332,0,0.0
2019/20,FIRE_DAMAGE_EXTENT,14332,0,0.0
2019/20,FIRE_DAMAGE_EXTENT_CODE,14332,0,0.0
2019/20,TOTAL_DAMAGE_EXTENT,14332,0,0.0
2019/20,TOTAL_DAMAGE_EXTENT_CODE,14332,0,0.0
2019/20,SPREAD_OF_FIRE,14332,0,0.0
2019/20,OTHER_PROPERTY_AFFECTED_CLOSE,14332,0,0.0
2020/21,FRS_TERRITORY,11924,0,0.0
2020/21,E_CODE_TERRITORY,11924,0,0.0
2020/21,FINANCIAL_YEAR,11924,0,0.0
2020/21,DAY_OF_WEEK,11924,0,0.0
2020/21,DAY_NIGHT,11924,0,0.0
2020/21,BUILDING_TYPE,11924,0,0.0
2020/21,FSO_APPLY,11924,0,0.0
2020/21,OCCUPIED_NORMAL,11924,0,0.0
2020/21,OCCUPIED_TIME,11924,0,0.0
2020/21,ALARM_SYSTEM,11924,0,0.0
2020/21,SAFETY_SYSTEM,11924,0,0.0
2020/21,IGNITION_TO_DISCOVERY,11924,0,0.0
2020/21,DISCOVERY_TO_CALL,11924,0,0.0
2020/21,LATE_CALL,11924,0,0.0
2020/21,ACCIDENTAL_OR_DELIBERATE,11924,0,0.0
2020/21,CAUSE_OF_FIRE,11924,0,0.0
2020/21,IGNITION_POWER,11924,0,0.0
2020/21,SOURCE_OF_IGNITION,11924,0,0.0
2020/21,FIRE_START_LOCATION,11924,0,0.0
2020/21,FIRE_SIZE_ON_ARRIVAL,11924,0,0.0
2020/21,OTHER_PROPERTY_AFFECTED_ON_ARRIVAL,11924,0,0.0
2020/21,ITEM_IGNITED,11924,0,0.0
2020/21,ITEM_CAUSING_SPREAD,11924,0,0.0
2020/21,RAPID_FIRE_GROWTH,11924,10811,0.9066588393156659
2020/21,VEHICLES,11924,0,0.0
2020/21,VEHICLES_CODE,11924,0,0.0
2020/21,PERSONNEL,11924,0,0.0
2020/21,PERSONNEL_CODE,11924,0,0.0
2020/21,RESPONSE_TIME,11924,0,0.0
2020/21,RESPONSE_TIME_CODE,11924,0,0.0
2020/21,TIME_AT_SCENE,11924,0,0.0
2020/21,TIME_AT_SCENE_CODE,11924,0,0.0
2020/21,FATALITY_CASUALTY,11924,11331,0.9502683663200269
2020/21,RESCUES,11924,0,0.0
2020/21,FIRE_DAMAGE_EXTENT,11924,0,0.0
2020/21,FIRE_DAMAGE_EXTENT_CODE,11924,0,0.0
2020/21,TOTAL_DAMAGE_EXTENT,11924,0,0.0
2020/21,TOTAL_DAMAGE_EXTENT_CODE,11924,0,0.0
2020/21,SPREAD_OF_FIRE,11924,0,0.0
2020/21,OTHER_PROPERTY_AFFECTED_CLOSE,11924,0,0.0
2021/22,FRS_TERRITORY,12954,0,0.0
2021/22,E_CODE_TERRITORY,12954,0,0.0
2021/22,FINANCIAL_YEAR,12954,0,0.0
2021/22,DAY_OF_WEEK,12954,0,0.0
2021/22,DAY_NIGHT,12954,0,0.0
2021/22,BUILDING_TYPE,12954,0,0.0
2021/22,FSO_APPLY,12954,0,0.0
2021/22,OCCUPIED_NORMAL,12954,0,0.0
2021/22,OCCUPIED_TIME,12954,0,0.0
2021/22,ALARM_SYSTEM,12954,0,0.0
2021/22,SAFETY_SYSTEM,12954,0,0.0
2021/22,IGNITION_TO_DISCOVERY,12954,0,0.0
2021/22,DISCOVERY_TO_CALL,12954,0,0.0
2021/22,LATE_CALL,12954,0,0.0
2021/22,ACCIDENTAL_OR_DELIBERATE,12954,0,0.0
2021/22,CAUSE_OF_FIRE,12954,0,0.0
2021/22,IGNITION_POWER,12954,0,0.0
2021/22,SOURCE_OF_IGNITION,12954,0,0.0
2021/22,FIRE_START_LOCATION,12954,0,0.0
2021/22,FIRE_SIZE_ON_ARRIVAL,12954,0,0.0
2021/22,OTHER_PROPERTY_AFFECTED_ON_ARRIVAL,12954,0,0.0
2021/22,ITEM_IGNITED,12954,0,0.0
2021/22,ITEM_CAUSING_SPREAD,12954,0,0.0
2021/22,RAPID_FIRE_GROWTH,12954,11921,0.9202562914929752
2021/22,VEHICLES,12954,0,0.0
2021/22,VEHICLES_CODE,12954,0,0.0
2021/22,PERSONNEL,12954,0,0.0
2021/22,PERSONNEL_CODE,12954,0,0.0
2021/22,RESPONSE_TIME,12954,0,0.0
2021/22,RESPONSE_TIME_CODE,12954,0,0.0
2021/22,TIME_AT_SCENE,12954,0,0.0
2021/22,TIME_AT_SCENE_CODE,12954,0,0.0
2021/22,FATALITY_CASUALTY,12954,12365,0.9545314188667593
2021/22,RESCUES,12954,0,0.0
2021/22,FIRE_DAMAGE_EXTENT,12954,0,0.0
2021/22,FIRE_DAMAGE_EXTENT_CODE,12954,0,0.0
2021/22,TOTAL_DAMAGE_EXTENT,12954,0,0.0
2021/22,TOTAL_DAMAGE_EXTENT_CODE,12954,0,0.0
2021/22,SPREAD_OF_FIRE,12954,0,0.0
2021/22,OTHER_PROPERTY_AFFECTED_CLOSE,12954,0,0.0
2022/23,FRS_TERRITORY,13578,0,0.0
2022/23,E_CODE_TERRITORY,13578,0,0.0
2022/23,FINANCIAL_YEAR,13578,0,0.0
2022/23,DAY_OF_WEEK,13578,0,0.0
2022/23,DAY_NIGHT,13578,0,0.0
2022/23,BUILDING_TYPE,13578,0,0.0
2022/23,FSO_APPLY,13578,0,0.0
2022/23,OCCUPIED_NORMAL,13578,0,0.0
2022/23,OCCUPIED_TIME,13578,0,0.0
2022/23,ALARM_SYSTEM,13578,0,0.0
2022/23,SAFETY_SYSTEM,13578,0,0.0
2022/23,IGNITION_TO_DISCOVERY,13578,0,0.0
2022/23,DISCOVERY_TO_CALL,13578,0,0.0
2022/23,LATE_CALL,13578,0,0.0
2022/23,ACCIDENTAL_OR_DELIBERATE,13578,0,0.0
2022/23,CAUSE_OF_FIRE,13578,0,0.0
2022/23,IGNITION_POWER,13578,0,0.0
2022/23,SOURCE_OF_IGNITION,13578,0,0.0
2022/23,FIRE_START_LOCATION,13578,0,0.0
2022/23,FIRE_SIZE_ON_ARRIVAL,13578,0,0.0
2022/23,OTHER_PROPERTY_AFFECTED_ON_ARRIVAL,13578,0,0.0
2022/23,ITEM_IGNITED,13578,0,0.0
2022/23,ITEM_CAUSING_SPREAD,13578,0,0.0
2022/23,RAPID_FIRE_GROWTH,13578,12504,0.9209014582412727
2022/23,VEHICLES,13578,0,0.0
2022/23,VEHICLES_CODE,13578,0,0.0
2022/23,PERSONNEL,13578,0,0.0
2022/23,PERSONNEL_CODE,13578,0,0.0
2022/23,RESPONSE_TIME,13578,0,0.0
2022/23,RESPONSE_TIME_CODE,13578,0,0.0
2022/23,TIME_AT_SCENE,13578,0,0.0
2022/23,TIME_AT_SCENE_CODE,13578,0,0.0
2022/23,FATALITY_CASUALTY,13578,12947,0.9535277655030195
2022/23,RESCUES,13578,0,0.0
2022/23,FIRE_DAMAGE_EXTENT,13578,0,0.0
2022/23,FIRE_DAMAGE_EXTENT_CODE,13578,0,0.0
2022/23,TOTAL_DAMAGE_EXTENT,13578,0,0.0
2022/23,TOTAL_DAMAGE_EXTENT_CODE,13578,0,0.0
2022/23,SPREAD_OF_FIRE,13578,0,0.0
2022/23,OTHER_PROPERTY_AFFECTED_CLOSE,13578,0,0.0
2023/24,FRS_TERRITORY,13300,0,0.0
2023/24,E_CODE_TERRITORY,13300,0,0.0
2023/24,FINANCIAL_YEAR,13300,0,0.0
2023/24,DAY_OF_WEEK,13300,0,0.0
2023/24,DAY_NIGHT,13300,0,0.0
2023/24,BUILDING_TYPE,13300,0,0.0
2023/24,FSO_APPLY,13300,0,0.0
2023/24,OCCUPIED_NORMAL,13300,0,0.0
2023/24,OCCUPIED_TIME,13300,0,0.0
2023/24,ALARM_SYSTEM,13300,0,0.0
2023/24,SAFETY_SYSTEM,13300,0,0.0
2023/24,IGNITION_TO_DISCOVERY,13300,0,0.0
2023/24,DISCOVERY_TO_CALL,13300,0,0.0
2023/24,LATE_CALL,13300,0,0.0
2023/24,ACCIDENTAL_OR_DELIBERATE,13300,0,0.0
2023/24,CAUSE_OF_FIRE,13300,0,0.0
2023/24,IGNITION_POWER,13300,0,0.0
2023/24,SOURCE_OF_IGNITION,13300,0,0.0
2023/24,FIRE_START_LOCATION,13300,0,0.0
2023/24,FIRE_SIZE_ON_ARRIVAL,13300,0,0.0
2023/24,OTHER_PROPERTY_AFFECTED_ON_ARRIVAL,13300,0,0.0
2023/24,ITEM_IGNITED,13300,0,0.0
2023/24,ITEM_CAUSING_SPREAD,13300,0,0.0
2023/24,RAPID_FIRE_GROWTH,13300,12305,0.925187969924812
2023/24,VEHICLES,13300,0,0.0
2023/24,VEHICLES_CODE,13300,0,0.0
2023/24,PERSONNEL,13300,0,0.0
2023/24,PERSONNEL_CODE,13300,0,0.0
2023/24,RESPONSE_TIME,13300,0,0.0
2023/24,RESPONSE_TIME_CODE,13300,0,0.0
2023/24,TIME_AT_SCENE,13300,0,0.0
2023/24,TIME_AT_SCENE_CODE,13300,0,0.0
2023/24,FATALITY_CASUALTY,13300,12625,0.9492481203007519
2023/24,RESCUES,13300,0,0.0
2023/24,FIRE_DAMAGE_EXTENT,13300,0,0.0
2023/24,FIRE_DAMAGE_EXTENT_CODE,13300,0,0.0
2023/24,TOTAL_DAMAGE_EXTENT,13300,0,0.0
2023/24,TOTAL_DAMAGE_EXTENT_CODE,13300,0,0.0
2023/24,SPREAD_OF_FIRE,13300,0,0.0
2023/24,OTHER_PROPERTY_AFFECTED_CLOSE,13300,0,0.0
2024/25,FRS_TERRITORY,13193,0,0.0
2024/25,E_CODE_TERRITORY,13193,0,0.0
2024/25,FINANCIAL_YEAR,13193,0,0.0
2024/25,DAY_OF_WEEK,13193,0,0.0
2024/25,DAY_NIGHT,13193,0,0.0
2024/25,BUILDING_TYPE,13193,0,0.0
2024/25,FSO_APPLY,13193,0,0.0
2024/25,OCCUPIED_NORMAL,13193,0,0.0
2024/25,OCCUPIED_TIME,13193,0,0.0
2024/25,ALARM_SYSTEM,13193,0,0.0
2024/25,SAFETY_SYSTEM,13193,0,0.0
2024/25,IGNITION_TO_DISCOVERY,13193,0,0.0
2024/25,DISCOVERY_TO_CALL,13193,0,0.0
2024/25,LATE_CALL,13193,0,0.0
2024/25,ACCIDENTAL_OR_DELIBERATE,13193,0,0.0
2024/25,CAUSE_OF_FIRE,13193,0,0.0
2024/25,IGNITION_POWER,13193,0,0.0
2024/25,SOURCE_OF_IGNITION,13193,0,0.0
2024/25,FIRE_START_LOCATION,13193,0,0.0
2024/25,FIRE_SIZE_ON_ARRIVAL,13193,0,0.0
2024/25,OTHER_PROPERTY_AFFECTED_ON_ARRIVAL,13193,0,0.0
2024/25,ITEM_IGNITED,13193,0,0.0
2024/25,ITEM_CAUSING_SPREAD,13193,0,0.0
2024/25,RAPID_FIRE_GROWTH,13193,12189,0.9238990373683014
2024/25,VEHICLES,13193,0,0.0
2024/25,VEHICLES_CODE,13193,0,0.0
2024/25,PERSONNEL,13193,0,0.0
2024/25,PERSONNEL_CODE,13193,0,0.0
2024/25,RESPONSE_TIME,13193,0,0.0
2024/25,RESPONSE_TIME_CODE,13193,0,0.0
2024/25,TIME_AT_SCENE,13193,0,0.0
2024/25,TIME_AT_SCENE_CODE,13193,0,0.0
2024/25,FATALITY_CASUALTY,13193,12478,0.9458045933449557
2024/25,RESCUES,13193,0,0.0
2024/25,FIRE_DAMAGE_EXTENT,13193,0,0.0
2024/25,FIRE_DAMAGE_EXTENT_CODE,13193,0,0.0
2024/25,TOTAL_DAMAGE_EXTENT,13193,0,0.0
2024/25,TOTAL_DAMAGE_EXTENT_CODE,13193,0,0.0
2024/25,SPREAD_OF_FIRE,13193,0,0.0
2024/25,OTHER_PROPERTY_AFFECTED_CLOSE,13193,0,0.0
2025/26,FRS_TERRITORY,13679,0,0.0
2025/26,E_CODE_TERRITORY,13679,0,0.0
2025/26,FINANCIAL_YEAR,13679,0,0.0
2025/26,DAY_OF_WEEK,13679,0,0.0
2025/26,DAY_NIGHT,13679,0,0.0
2025/26,BUILDING_TYPE,13679,0,0.0
2025/26,FSO_APPLY,13679,0,0.0
2025/26,OCCUPIED_NORMAL,13679,0,0.0
2025/26,OCCUPIED_TIME,13679,0,0.0
2025/26,ALARM_SYSTEM,13679,0,0.0
2025/26,SAFETY_SYSTEM,13679,0,0.0
2025/26,IGNITION_TO_DISCOVERY,13679,0,0.0
2025/26,DISCOVERY_TO_CALL,13679,0,0.0
2025/26,LATE_CALL,13679,0,0.0
2025/26,ACCIDENTAL_OR_DELIBERATE,13679,0,0.0
2025/26,CAUSE_OF_FIRE,13679,0,0.0
2025/26,IGNITION_POWER,13679,0,0.0
2025/26,SOURCE_OF_IGNITION,13679,0,0.0
2025/26,FIRE_START_LOCATION,13679,0,0.0
2025/26,FIRE_SIZE_ON_ARRIVAL,13679,0,0.0
2025/26,OTHER_PROPERTY_AFFECTED_ON_ARRIVAL,13679,0,0.0
2025/26,ITEM_IGNITED,13679,0,0.0
2025/26,ITEM_CAUSING_SPREAD,13679,0,0.0
2025/26,RAPID_FIRE_GROWTH,13679,12565,0.9185612983405219
2025/26,VEHICLES,13679,0,0.0
2025/26,VEHICLES_CODE,13679,0,0.0
2025/26,PERSONNEL,13679,0,0.0
2025/26,PERSONNEL_CODE,13679,0,0.0
2025/26,RESPONSE_TIME,13679,0,0.0
2025/26,RESPONSE_TIME_CODE,13679,0,0.0
2025/26,TIME_AT_SCENE,13679,0,0.0
2025/26,TIME_AT_SCENE_CODE,13679,0,0.0
2025/26,FATALITY_CASUALTY,13679,12981,0.9489728781343666
2025/26,RESCUES,13679,0,0.0
2025/26,FIRE_DAMAGE_EXTENT,13679,0,0.0
2025/26,FIRE_DAMAGE_EXTENT_CODE,13679,0,0.0
2025/26,TOTAL_DAMAGE_EXTENT,13679,0,0.0
2025/26,TOTAL_DAMAGE_EXTENT_CODE,13679,0,0.0
2025/26,SPREAD_OF_FIRE,13679,0,0.0
2025/26,OTHER_PROPERTY_AFFECTED_CLOSE,13679,0,0.0
